-- =============================
--  EJERCICIO 5 (data)
-- =============================

-- --------------------
--  TRUNCAR TABLAS
-- --------------------

TRUNCATE TABLE Vehicle_Maintenance CASCADE;
TRUNCATE TABLE Contract_Fine CASCADE;
TRUNCATE TABLE Model_Color CASCADE;
TRUNCATE TABLE Maintenance CASCADE;
TRUNCATE TABLE Customer_Address CASCADE;
TRUNCATE TABLE Color CASCADE;
TRUNCATE TABLE Refund CASCADE;
TRUNCATE TABLE Payment CASCADE;
TRUNCATE TABLE Fine CASCADE;
TRUNCATE TABLE RentalContract CASCADE;
TRUNCATE TABLE Reservation CASCADE;
TRUNCATE TABLE Vehicle CASCADE;
TRUNCATE TABLE Facility CASCADE;
TRUNCATE TABLE Address CASCADE;
TRUNCATE TABLE Country CASCADE;
TRUNCATE TABLE Model CASCADE;
TRUNCATE TABLE VehicleType CASCADE;
TRUNCATE TABLE Manufacturer CASCADE;
TRUNCATE TABLE OperationStatus CASCADE;
TRUNCATE TABLE Rates CASCADE;
TRUNCATE TABLE Customer CASCADE;

-- --------------------
--  POBLAR TABLAS
-- --------------------

-- Poblar: Países
INSERT INTO Country (id, country_name) VALUES
(1, 'United States'),
(2, 'Estonia'),
(3, 'Austria'),
(4, 'Mexico'),
(5, 'Germany'),
(6, 'India'),
(7, 'San Marino'),
(8, 'Turkey'),
(9, 'United Arab Emirates'),
(10, 'Slovakia'),
(11, 'Cyprus'),
(12, 'Malaysia'),
(13, 'Lithuania'),
(14, 'Brazil'),
(15, 'French Guiana'),
(16, 'Spain'),
(17, 'France'),
(18, 'Peru'),
(19, 'Luxembourg'),
(20, 'Poland');

-- Poblar: Estados
INSERT INTO OperationStatus (id, status_name) VALUES
(1, 'Available'),
(2, 'Reserved'),
(3, 'Rented'),
(4, 'Under Maintenance'),
(5, 'Out of Service'),
(6, 'Active'),
(7, 'Inactive'),
(8, 'Pending'),
(9, 'Approved'),
(10, 'Rejected'),
(11, 'Suspended'),
(12, 'Expired'),
(13, 'On Hold'),
(14, 'Cancelled'),
(15, 'Completed'),
(16, 'Confirmed'),
(17, 'Processing');

-- Poblar: Direcciones
INSERT INTO Address (id, unit_number, street_number, address_line_1, address_line_2, city, region, country_id) VALUES
(1, NULL, '1255', 'Chestnut Street', 'Dogwood Drive', 'Gövrecik', 'Victoria', '6'),
(2, '90', '2486', 'Fir Street', 'Poplar Street', 'La Quebrada', 'Ontario', '17'),
(3, NULL, '1562', 'Maple Street', NULL, 'West Coast Drive', NULL, '4'),
(4, NULL, '4472', 'Spruce Drive', 'Willow Way', 'Sarkies Road', 'New York', '19'),
(5, NULL, '3436', 'Elm Street', 'Birch Boulevard', 'Kjølsdalen', 'Florida', '13'),
(6, '27', '7503', 'Cypress Avenue', NULL, 'Bembari', NULL, '18'),
(7, NULL, '4468', 'Ash Court', NULL, 'Tellisirt', NULL, '11'),
(8, '50', '1333', 'Sycamore Road', NULL, 'EL PUESTO LOS CABRERAS', NULL, '2'),
(9, NULL, '3108', 'Redwood Boulevard', 'Palm Avenue', 'Новлянка', 'New South Wales', '9'),
(10, NULL, '0727', 'Pine Lane', NULL, 'Lopatinec', NULL, '20'),
(11, NULL, '7452', 'Elm Street', 'Birch Boulevard', 'Bucureşti 38', 'Florida', '7'),
(12, NULL, '6563', 'Maple Street', NULL, '강릉시', NULL, '10'),
(13, NULL, '5296', 'Spruce Drive', 'Willow Way', 'Yashio', 'New York', '15'),
(14, '71', '6129', 'Pine Lane', 'Cedar Road', 'Bool Lagoon', 'Texas', '12'),
(15, NULL, '7450', 'Fir Street', 'Poplar Street', 'Shizugawa Takegawara', 'Ontario', '5'),
(16, NULL, '7892', 'Ash Court', NULL, 'Eagle', NULL, '1'),
(17, NULL, '1773', 'Cypress Avenue', NULL, 'Kanke Road', NULL, '8'),
(18, NULL, '7495', 'Redwood Boulevard', 'Palm Avenue', 'Regina Central', 'New South Wales', '16'),
(19, NULL, '0051', 'Chestnut Street', 'Dogwood Drive', 'Lajas de Arriba', 'Victoria', '3'),
(20, '89', '9975', 'Sycamore Road', NULL, 'Samaspur Naugaon', NULL, '14'),
(21, '44', '8473', 'Ash Court', 'Chestnut Circle', 'Nauders', 'Illinois', '5'),
(22, '57', '2220', 'Maple Street', NULL, 'Pokrzywy', NULL, '1'),
(23, NULL, '1080', 'Sycamore Road', 'Hickory Lane', 'Torralba', 'Quebec', '7'),
(24, NULL, '8103', 'Pine Lane', 'Cedar Road', 'Lanitza', 'Texas', '13'),
(25, NULL, '6093', 'Fir Street', NULL, 'Kerndl', NULL, '3'),
(26, NULL, '1084', 'Spruce Drive', 'Willow Way', 'Villa Residencial del Prado', 'New York', '12'),
(27, NULL, '2746', 'Chestnut Street', 'Dogwood Drive', 'Sariyayla', 'Victoria', '17'),
(28, NULL, '2618', 'Cypress Avenue', NULL, 'Loma del Sauz', NULL, '6'),
(29, NULL, '2871', 'Redwood Boulevard', 'Palm Avenue', 'Тавда 5', 'New South Wales', '2'),
(30, NULL, '7293', 'Elm Street', NULL, 'Halta Dodeşti', NULL, '19'),
(31, NULL, '1442', 'Fir Street', NULL, 'Stockholm', NULL, '16'),
(32, NULL, '9183', 'Cypress Avenue', NULL, 'Korja', NULL, '11'),
(33, NULL, '2914', 'Sycamore Road', NULL, 'Balmoral', NULL, '20'),
(34, NULL, '3154', 'Redwood Boulevard', NULL, 'Northport', NULL, '10'),
(35, NULL, '3973', 'Elm Street', NULL, 'High Wray', NULL, '9'),
(36, NULL, '2899', 'Maple Street', NULL, 'Kovan Road', NULL, '8'),
(37, NULL, '0270', 'Pine Lane', 'Cedar Road', 'Vícemily', 'Texas', '4'),
(38, NULL, '3794', 'Ash Court', 'Chestnut Circle', '팽성읍', 'Illinois', '15'),
(39, NULL, '5231', 'Spruce Drive', 'Willow Way', 'Lärbro', 'New York', '18'),
(40, NULL, '4509', 'Chestnut Street', 'Dogwood Drive', 'Ranby', 'Victoria', '14'),
(41, '52', '6290', 'Maple Street', 'Oak Avenue', 'Detroit', 'California', '3'),
(42, '10', '7080', 'Redwood Boulevard', NULL, 'La Barbolla', NULL, '19'),
(43, NULL, '3929', 'Elm Street', 'Birch Boulevard', 'Dhar Ali Mokrane', 'Florida', '16'),
(44, NULL, '4351', 'Fir Street', 'Poplar Street', 'Djebala', 'Ontario', '15'),
(45, '38', '0388', 'Ash Court', 'Chestnut Circle', 'Cuenca', 'Illinois', '14'),
(46, '19', '4828', 'Sycamore Road', NULL, 'Ridgewood Close', NULL, '11'),
(47, NULL, '6743', 'Spruce Drive', NULL, 'Aydin', NULL, '4'),
(48, '93', '0161', 'Pine Lane', 'Cedar Road', 'Nové Křečany', 'Texas', '18'),
(49, NULL, '1941', 'Chestnut Street', NULL, 'Aslihanlar', NULL, '9'),
(50, '26', '6820', 'Cypress Avenue', 'Magnolia Street', 'Güney', 'British Columbia', '20'),
(51, NULL, '4395', 'Maple Street', NULL, 'El Porche', NULL, '8'),
(52, NULL, '0236', 'Cypress Avenue', 'Magnolia Street', 'Chandametta', 'British Columbia', '6'),
(53, NULL, '1330', 'Redwood Boulevard', 'Palm Avenue', 'Al Muraqqabat', 'New South Wales', '13'),
(54, NULL, '4368', 'Pine Lane', 'Cedar Road', 'Üxheim', 'Texas', '2'),
(55, NULL, '9669', 'Elm Street', 'Birch Boulevard', 'Jurong West Street 41', 'Florida', '12'),
(56, NULL, '5746', 'Ash Court', NULL, 'CHEROGUITA', NULL, '5'),
(57, '82', '5800', 'Spruce Drive', NULL, 'Kristianstad', NULL, '7'),
(58, NULL, '7979', 'Chestnut Street', NULL, 'Fabraquer (Ayuntamiento San Juan)', NULL, '1'),
(59, NULL, '1902', 'Sycamore Road', 'Hickory Lane', 'Hyuga', 'Quebec', '10'),
(60, '53', '1266', 'Fir Street', NULL, 'Zaldibar', NULL, '17'),
(61, NULL, '6821', 'Pine Lane', NULL, 'Melkbosstrand', NULL, '6'),
(62, NULL, '2765', 'Ash Court', NULL, 'Шугрэм', NULL, '13'),
(63, NULL, '7676', 'Redwood Boulevard', NULL, 'Rimkiškės k.', NULL, '3'),
(64, NULL, '0640', 'Chestnut Street', 'Dogwood Drive', 'Surin Avenue', 'Victoria', '10'),
(65, NULL, '2363', 'Maple Street', NULL, 'Floriana (Urbanizacion)', NULL, '12'),
(66, '65', '1993', 'Sycamore Road', NULL, 'Potgieterus', NULL, '18'),
(67, NULL, '7513', 'Spruce Drive', NULL, 'Trimdon Colliery', NULL, '19'),
(68, NULL, '2693', 'Elm Street', NULL, 'Bucureşti 20', NULL, '5'),
(69, NULL, '8394', 'Fir Street', NULL, 'Garankščių k.', NULL, '11'),
(70, NULL, '5520', 'Cypress Avenue', NULL, 'Oeiras', NULL, '4'),
(71, NULL, '5067', 'Ash Court', NULL, 'Doncaster East', NULL, '17'),
(72, NULL, '7066', 'Sycamore Road', NULL, '양천구', NULL, '7'),
(73, NULL, '5995', 'Redwood Boulevard', NULL, 'Калипетрово / Kalipetrovo', NULL, '8'),
(74, NULL, '4745', 'Pine Lane', 'Cedar Road', 'Institute', 'Texas', '15'),
(75, NULL, '2892', 'Chestnut Street', 'Dogwood Drive', 'Kaliyakudi', 'Victoria', '20'),
(76, NULL, '7021', 'Fir Street', 'Poplar Street', 'Gasbet El Kaid', 'Ontario', '2'),
(77, '11', '0031', 'Maple Street', NULL, 'Somalsar', NULL, '14'),
(78, '12', '0676', 'Spruce Drive', NULL, 'Cerro Del Fortín', NULL, '16'),
(79, NULL, '5093', 'Elm Street', NULL, 'Oura', NULL, '9'),
(80, '99', '8646', 'Cypress Avenue', 'Magnolia Street', 'Oetz', 'British Columbia', '1'),
(81, NULL, '6413', 'Redwood Boulevard', 'Palm Avenue', 'Al Nahda Second', 'New South Wales', '17'),
(82, NULL, '2467', 'Fir Street', 'Poplar Street', 'Strada', 'Ontario', '1'),
(83, NULL, '6882', 'Sycamore Road', NULL, 'Bertre', NULL, '11'),
(84, NULL, '9379', 'Pine Lane', NULL, 'Al Khwaneej Second', NULL, '13'),
(85, NULL, '9784', 'Elm Street', NULL, 'Tizi Rached', NULL, '9'),
(86, '27', '0260', 'Chestnut Street', NULL, 'Almena', NULL, '8'),
(87, NULL, '7510', 'Maple Street', 'Oak Avenue', 'PINGOLLAR', 'California', '10'),
(88, NULL, '7092', 'Cypress Avenue', NULL, 'Parsa', NULL, '19'),
(89, NULL, '4253', 'Spruce Drive', 'Willow Way', 'Jesús Elías Piña IV, V y VI', 'New York', '7'),
(90, '21', '9579', 'Ash Court', 'Chestnut Circle', 'Dokra', 'Illinois', '18'),
(91, '26', '8302', 'Ash Court', NULL, 'Akauni', NULL, '16'),
(92, NULL, '2997', 'Sycamore Road', 'Hickory Lane', 'Змагання', 'Quebec', '20'),
(93, NULL, '2164', 'Redwood Boulevard', NULL, 'Clichy-sous-Bois', NULL, '3'),
(94, '14', '3269', 'Pine Lane', 'Cedar Road', 'Dunlop Street', 'Texas', '12'),
(95, NULL, '8921', 'Chestnut Street', 'Dogwood Drive', 'Ararua', 'Victoria', '5'),
(96, NULL, '0001', 'Fir Street', 'Poplar Street', 'Białystok', 'Ontario', '6'),
(97, NULL, '5326', 'Maple Street', 'Oak Avenue', 'Otzing', 'California', '4'),
(98, '10', '4468', 'Spruce Drive', NULL, 'Nishitamamiyacho', NULL, '2'),
(99, NULL, '8349', 'Elm Street', 'Birch Boulevard', 'Lingaraju Agraharam', 'Florida', '15'),
(100, NULL, '3399', 'Cypress Avenue', NULL, 'Gore Hill', NULL, '14');

-- Poblar: Clientes
INSERT INTO Customer (id, first_name, last_name, date_of_birth, driver_license_number, email, phone_number, registration_date) VALUES
(1, 'Isa', 'Smallpiece', '1991-10-31', '045-70-5688', 'isa.smallpiece@gmail.com', '+971 864 881 003', '2024-02-17'),
(2, 'Linus', 'Corbert', '2006-08-31', '531-09-4121', 'linus.corbert@orange.fr', '+82 257 649 0031', '2024-09-18'),
(3, 'Barb', 'Brine', '2002-06-09', '223-31-0774', 'barb.brine@gmail.com', '+420 240 025 005', '2024-03-06'),
(4, 'Felicio', 'Crennell', '1982-10-26', '236-37-8518', 'felicio.crennell@yahoo.com.br', '+65 278 622 0046', '2022-09-17'),
(5, 'Mallory', 'Bakster', '1991-01-13', '634-29-1151', 'mallory.bakster@hotmail.com', '+61 332 410 0038', '2022-05-01'),
(6, 'Abbye', 'Cran', '2002-04-05', '237-32-2767', 'abbye.cran@hotmail.com', '+43 212 352 0024', '2024-06-29'),
(7, 'Joshua', 'Duinbleton', '1997-10-21', '850-73-6685', 'joshua.duinbleton@outlook.com', '+91 456 722 0024', '2024-04-12'),
(8, 'Hurley', 'Sherer', '1990-06-16', '200-33-2599', 'hurley.sherer@hotmail.fr', '+61 864 891 0048', '2022-07-14'),
(9, 'Shel', 'Hurling', '1982-07-11', '210-75-3983', 'shel.hurling@wanadoo.fr', '+91 386 051 0098', '2022-06-20'),
(10, 'Ursala', 'Dunsire', '1988-04-18', '117-38-8217', 'ursala.dunsire@gmail.com', '+33 379 781 0059', '2022-11-01'),
(11, 'Priscilla', 'Romero', '1976-11-12', '496-87-6879', 'priscilla.romero@hotmail.fr', '+420 065 864 001', '2023-12-13'),
(12, 'Kareem', 'Jurgenson', '2004-01-24', '060-86-2310', 'kareem.jurgenson@yahoo.com', '+34 621 648 0034', '2025-01-19'),
(13, 'Corina', 'Schuricke', '2003-02-23', '890-69-3397', 'corina.schuricke@ymail.com', '+380 611 096 003', '2023-01-01'),
(14, 'Yul', 'Cockerill', '2002-05-19', '465-20-3803', 'yul.cockerill@gmail.com', '+380 054 358 007', '2024-05-15'),
(15, 'Teodoor', 'Alsopp', '1987-02-13', '525-41-0025', 'teodoor.alsopp@hotmail.de', '+34 486 014 0071', '2023-09-17'),
(16, 'Ancell', 'Povele', '1980-11-22', '306-54-9753', 'ancell.povele@aol.com', '+81 711 562 0031', '2024-08-21'),
(17, 'Laurence', 'Roelvink', '1992-01-18', '288-90-0634', 'laurence.roelvink@hotmail.com', '+44 803 849 0030', '2022-06-27'),
(18, 'Lavinie', 'Loftin', '2002-05-04', '899-22-1994', 'lavinie.loftin@hotmail.com', '+48 905 200 0095', '2022-12-22'),
(19, 'Arron', 'Kinnin', '1989-07-09', '952-01-3000', 'arron.kinnin@ymail.com', '+381 131 336 009', '2022-01-26'),
(20, 'Barbra', 'Baptista', '1972-02-17', '437-95-0149', 'barbra.baptista@hotmail.com', '+421 935 414 000', '2024-09-04'),
(21, 'Fanchon', 'Matcham', '1985-09-18', '062-75-3095', 'fanchon.matcham@hotmail.com', '+213 669 829 008', '2022-01-26'),
(22, 'Selma', 'Matas', '1977-07-10', '476-52-2312', 'selma.matas@gmail.com', '+57 429 808 0019', '2024-12-01'),
(23, 'Melisande', 'Jarman', '1984-01-21', '937-66-6956', 'melisande.jarman@aol.com', '+385 690 414 000', '2025-01-29'),
(24, 'Melamie', 'Gavozzi', '1970-07-15', '908-21-4687', 'melamie.gavozzi@hotmail.com', '+1 928 059 0056', '2023-06-02'),
(25, 'Tito', 'Huzzay', '1990-06-04', '896-87-6141', 'tito.huzzay@yahoo.co.uk', '+65 081 575 0039', '2024-01-15'),
(26, 'Ange', 'Grouen', '1994-04-24', '878-44-0726', 'ange.grouen@hotmail.com', '+7 960 272 0042', '2022-03-24'),
(27, 'Godfree', 'Raffeorty', '1980-01-27', '575-42-8498', 'godfree.raffeorty@gmail.com', '+82 709 133 0027', '2025-01-14'),
(28, 'Rollin', 'Bolton', '1974-08-04', '222-53-4388', 'rollin.bolton@gmail.com', '+507 279 650 007', '2024-07-07'),
(29, 'Theodora', 'Wyrall', '1998-09-29', '083-02-5662', 'theodora.wyrall@yahoo.com', '+81 815 741 0079', '2025-03-17'),
(30, 'Martyn', 'Advani', '1979-12-18', '369-47-4149', 'martyn.advani@yahoo.com', '+91 518 223 0026', '2023-05-26'),
(31, 'Corny', 'Pennyman', '1977-09-25', '070-74-1399', 'corny.pennyman@yahoo.com', '+61 981 096 0072', '2024-09-15'),
(32, 'Ruthanne', 'O''Henecan', '1995-01-22', '468-76-5618', 'ruthanne.ohenecan@yahoo.com', '+371 431 081 008', '2023-01-25'),
(33, 'Land', 'Jerrems', '1981-08-24', '111-46-9917', 'land.jerrems@yahoo.com.au', '+90 681 091 0031', '2022-03-01'),
(34, 'Delphine', 'Nielson', '1980-04-01', '767-45-7544', 'delphine.nielson@yahoo.com', '+370 372 044 001', '2024-04-29'),
(35, 'Winfred', 'Semarke', '1995-05-23', '249-39-3793', 'winfred.semarke@yahoo.co.uk', '+380 226 628 009', '2022-12-05'),
(36, 'Lothaire', 'Kewzick', '2002-10-21', '423-76-0222', 'lothaire.kewzick@gmail.com', '+52 211 648 0043', '2024-02-08'),
(37, 'Daphene', 'Dungate', '1975-11-04', '781-00-8756', 'daphene.dungate@yahoo.com', '+40 662 423 0024', '2024-02-28'),
(38, 'Ninon', 'Eite', '1986-08-23', '650-36-8283', 'ninon.eite@aol.com', '+33 307 655 0076', '2023-10-09'),
(39, 'Dorothea', 'Melliard', '1994-11-29', '299-07-0365', 'dorothea.melliard@yahoo.com', '+420 735 509 009', '2022-07-07'),
(40, 'Maurise', 'Congdon', '2001-01-11', '855-73-2256', 'maurise.congdon@googlemail.com', '+213 747 485 000', '2024-04-21'),
(41, 'Eula', 'Greenmon', '1980-01-27', '904-79-6469', 'eula.greenmon@gmail.com', '+91 977 037 0027', '2024-02-15'),
(42, 'Gaylene', 'O''Caine', '1995-01-25', '271-69-0944', 'gaylene.ocaine@shaw.ca', '+49 996 649 0088', '2023-09-12'),
(43, 'Owen', 'Jouhan', '1975-06-23', '773-11-5928', 'owen.jouhan@hotmail.com', '+971 435 403 001', '2022-01-11'),
(44, 'Evered', 'Dobrowlski', '1995-12-17', '850-03-4165', 'evered.dobrowlski@aol.com', '+1 310 478 0041', '2025-04-01'),
(45, 'Gilda', 'Hardy-Piggin', '2005-08-02', '155-63-6326', 'gilda.hardypiggin@hotmail.com', '+48 517 428 0011', '2024-12-03'),
(46, 'Waldon', 'Hargrove', '1988-09-06', '617-80-1137', 'waldon.hargrove@gmail.com', '+1 659 740 0029', '2023-12-14'),
(47, 'Stevana', 'Oulett', '1991-12-08', '714-68-6953', 'stevana.oulett@hotmail.co.uk', '+90 068 242 0090', '2024-08-13'),
(48, 'Livvyy', 'O''Lagene', '1984-04-13', '746-56-0429', 'livvyy.olagene@gmail.com', '+7 721 676 0020', '2023-05-16'),
(49, 'Annissa', 'Sheber', '2006-05-19', '222-80-4408', 'annissa.sheber@aol.com', '+54 695 437 0063', '2023-05-29'),
(50, 'Coriss', 'Lourens', '1972-05-18', '600-16-9873', 'coriss.lourens@hotmail.com', '+34 471 906 0024', '2024-08-01'),
(51, 'Drona', 'Frowd', '1975-06-24', '527-62-7499', 'drona.frowd@gmail.com', '+82 379 380 0010', '2022-02-20'),
(52, 'Natalya', 'Habbin', '1994-09-11', '282-10-4625', 'natalya.habbin@hotmail.com', '+65 530 459 0027', '2022-12-10'),
(53, 'Luke', 'De Paoli', '1998-01-15', '541-15-5450', 'luke.depaoli@gmail.com', '+380 101 870 009', '2025-01-03'),
(54, 'Caldwell', 'Papen', '1996-06-23', '269-29-8502', 'caldwell.papen@hotmail.co.uk', '+33 529 771 0081', '2024-11-05'),
(55, 'Jaclin', 'Ghione', '1990-03-02', '481-87-3683', 'jaclin.ghione@hotmail.com', '+52 219 931 0074', '2025-03-20'),
(56, 'Dori', 'Risdall', '1998-06-23', '031-84-5416', 'dori.risdall@live.co.uk', '+371 346 265 009', '2023-11-01'),
(57, 'Ingemar', 'Kennaird', '1980-02-06', '412-07-1568', 'ingemar.kennaird@sfr.fr', '+90 703 531 0020', '2022-09-04'),
(58, 'Tania', 'Bispham', '1994-06-03', '798-27-7168', 'tania.bispham@gmail.com', '+91 559 258 0022', '2023-12-30'),
(59, 'Mal', 'Blanque', '1997-12-21', '583-07-1327', 'mal.blanque@gmail.com', '+81 089 848 0089', '2023-05-16'),
(60, 'Danit', 'Beek', '1983-06-08', '419-92-5626', 'danit.beek@yahoo.com', '+48 138 497 0057', '2025-01-13'),
(61, 'Northrup', 'Louth', '2002-09-26', '758-85-3874', 'northrup.louth@yahoo.co.uk', '+52 773 748 0081', '2024-07-27'),
(62, 'Eb', 'Cassar', '1979-03-03', '657-01-1363', 'eb.cassar@hotmail.fr', '+351 419 602 000', '2022-08-30'),
(63, 'Moshe', 'Gisbey', '1997-03-19', '905-88-8849', 'moshe.gisbey@gmail.com', '+52 545 755 0015', '2023-11-19'),
(64, 'Lisha', 'Rival', '2000-10-18', '903-03-6935', 'lisha.rival@yahoo.com', '+48 722 389 0060', '2025-04-02'),
(65, 'Gunter', 'Bidgood', '2000-05-20', '254-80-6189', 'gunter.bidgood@gmail.com', '+351 217 140 006', '2024-12-26'),
(66, 'Clarke', 'Milvarnie', '1999-02-26', '765-95-3321', 'clarke.milvarnie@gmail.com', '+91 158 322 0055', '2023-12-09'),
(67, 'Carlo', 'Gidman', '1991-02-06', '197-64-9592', 'carlo.gidman@hotmail.com', '+40 521 158 0032', '2022-01-11'),
(68, 'Katerina', 'Overell', '1977-11-21', '943-12-6976', 'katerina.overell@yahoo.com', '+48 023 250 0001', '2023-05-04'),
(69, 'Inger', 'Birtchnell', '1976-09-06', '766-03-9845', 'inger.birtchnell@hotmail.com', '+351 062 693 009', '2022-08-08'),
(70, 'Carissa', 'Wiltshier', '1997-03-20', '917-78-2819', 'carissa.wiltshier@aol.com', '+34 635 853 0035', '2022-04-06'),
(71, 'Mireille', 'Shenley', '1975-01-10', '286-05-8785', 'mireille.shenley@gmail.com', '+82 150 131 0072', '2024-08-16'),
(72, 'Kerstin', 'Boagey', '1979-04-23', '730-69-1333', 'kerstin.boagey@hotmail.com', '+1 573 309 0018', '2023-03-28'),
(73, 'Floris', 'Cullinan', '1988-08-15', '007-71-9606', 'floris.cullinan@hotmail.com', '+54 249 893 0001', '2025-01-30'),
(74, 'Kelsey', 'Morforth', '2000-08-03', '160-21-1318', 'kelsey.morforth@aol.com', '+81 154 804 0038', '2024-04-10'),
(75, 'Rory', 'Snoddy', '1984-07-16', '606-67-1938', 'rory.snoddy@hotmail.com', '+82 761 604 0001', '2022-05-31'),
(76, 'Beltran', 'Dumphries', '2006-09-02', '449-51-1185', 'beltran.dumphries@yahoo.com', '+49 177 870 0078', '2023-10-13'),
(77, 'Ansell', 'Giorgetti', '1970-04-22', '104-02-6333', 'ansell.giorgetti@yahoo.com', '+39 294 766 0089', '2024-09-19'),
(78, 'Jerad', 'Malzard', '1972-01-02', '816-59-0361', 'jerad.malzard@hotmail.fr', '+380 921 667 001', '2023-03-08'),
(79, 'Archie', 'Maudlen', '1989-05-18', '121-68-4997', 'archie.maudlen@gmail.com', '+49 254 225 0035', '2024-10-12'),
(80, 'Lynea', 'Rein', '1970-10-16', '751-18-2953', 'lynea.rein@bigpond.com', '+82 511 551 0066', '2022-08-25'),
(81, 'Rosina', 'Hellwig', '1973-08-24', '451-68-7125', 'rosina.hellwig@gmail.com', '+1 728 930 0079', '2025-04-30'),
(82, 'Llewellyn', 'Castree', '1985-02-11', '576-52-7257', 'llewellyn.castree@yahoo.com', '+40 397 490 0044', '2022-08-12'),
(83, 'Rutledge', 'Jacqueminet', '2001-08-19', '250-41-9818', 'rutledge.jacqueminet@gmail.com', '+48 241 567 0077', '2023-11-18'),
(84, 'Andros', 'Tredgold', '1978-10-22', '067-27-9939', 'andros.tredgold@hotmail.co.uk', '+63 300 763 0076', '2022-11-29'),
(85, 'Persis', 'Bastistini', '1988-03-04', '188-93-8214', 'persis.bastistini@gmail.com', '+7 332 707 0087', '2022-08-01'),
(86, 'Devina', 'Haigh', '2000-09-26', '687-48-2029', 'devina.haigh@yahoo.com', '+33 541 041 0062', '2023-01-23'),
(87, 'Lucky', 'Laise', '1976-12-08', '638-08-2751', 'lucky.laise@yandex.ru', '+54 255 171 0049', '2023-06-17'),
(88, 'Erik', 'Voss', '1982-08-31', '833-77-5387', 'erik.voss@earthlink.net', '+65 427 580 0026', '2023-04-04'),
(89, 'Mackenzie', 'Dackombe', '1997-11-12', '999-20-8340', 'mackenzie.dackombe@hotmail.fr', '+358 154 496 009', '2023-10-16'),
(90, 'Modestia', 'Stiddard', '2003-05-22', '536-52-0272', 'modestia.stiddard@yahoo.co.uk', '+91 937 935 0039', '2022-02-25'),
(91, 'Annabella', 'Huntly', '2000-05-10', '507-46-7814', 'annabella.huntly@gmail.com', '+46 759 254 0002', '2025-04-17'),
(92, 'Austin', 'Kilgour', '1976-07-20', '670-39-9134', 'austin.kilgour@gmail.com', '+36 706 715 0065', '2025-04-12'),
(93, 'Gayler', 'Imlin', '2001-01-20', '292-77-6035', 'gayler.imlin@yahoo.com', '+1 657 346 0067', '2025-04-16'),
(94, 'Isador', 'Stiffell', '1977-05-13', '162-28-5039', 'isador.stiffell@hotmail.fr', '+7 241 242 0067', '2024-03-18'),
(95, 'Berti', 'Crosskell', '1981-12-18', '542-60-8196', 'berti.crosskell@gmail.com', '+1 772 640 0075', '2022-05-22'),
(96, 'Serge', 'Twinbrow', '1987-01-07', '577-23-8916', 'serge.twinbrow@yahoo.com', '+1 667 696 0041', '2024-06-30'),
(97, 'Emory', 'Keyser', '1996-03-15', '916-62-4786', 'emory.keyser@hotmail.com', '+91 063 958 0008', '2022-02-01'),
(98, 'Edan', 'Gossling', '1970-09-23', '782-89-8098', 'edan.gossling@gmail.com', '+91 789 758 0003', '2024-05-18'),
(99, 'Gertruda', 'Ballaam', '1988-10-03', '256-46-9275', 'gertruda.ballaam@gmail.com', '+82 571 465 0015', '2025-01-02'),
(100, 'Shelly', 'Vayne', '1999-02-04', '115-18-0812', 'shelly.vayne@aol.com', '+7 949 801 0022', '2024-11-03');

-- Poblar: Direcciones de Clientes
INSERT INTO Customer_Address (customer_id, address_id) VALUES
('27', '47'),
('93', '20'),
('30', '52'),
('82', '39'),
('23', '28'),
('85', '35'),
('52', '38'),
('75', '83'),
('77', '88'),
('64', '33'),
('62', '95'),
('16', '57'),
('1', '4'),
('63', '93'),
('46', '97'),
('91', '51'),
('99', '66'),
('15', '86'),
('2', '62'),
('90', '48'),
('72', '85'),
('59', '94'),
('88', '34'),
('44', '74'),
('60', '11'),
('95', '50'),
('71', '59'),
('73', '99'),
('13', '36'),
('80', '7'),
('55', '75'),
('39', '63'),
('100', '79'),
('33', '1'),
('79', '10'),
('14', '17'),
('54', '26'),
('9', '65'),
('12', '67'),
('17', '92'),
('34', '18'),
('96', '56'),
('37', '76'),
('31', '12'),
('74', '89'),
('4', '2'),
('20', '73'),
('3', '69'),
('22', '45'),
('97', '68'),
('40', '15'),
('50', '72'),
('92', '54'),
('35', '53'),
('56', '58'),
('47', '40'),
('78', '60'),
('66', '96'),
('58', '16'),
('48', '19'),
('6', '71'),
('70', '42'),
('32', '44'),
('86', '30'),
('5', '90'),
('84', '3'),
('24', '100'),
('76', '49'),
('87', '9'),
('68', '55'),
('53', '25'),
('57', '24'),
('41', '37'),
('10', '13'),
('61', '22'),
('7', '31'),
('26', '84'),
('83', '21'),
('89', '70'),
('8', '6'),
('45', '29'),
('94', '14'),
('49', '61'),
('19', '98'),
('25', '77'),
('51', '32'),
('28', '43'),
('18', '41'),
('38', '81'),
('29', '91'),
('42', '27'),
('43', '80'),
('69', '8'),
('67', '82'),
('21', '23'),
('36', '87'),
('98', '78'),
('65', '64'),
('11', '5'),
('81', '46');

-- Poblar: Fabricantes
INSERT INTO Manufacturer (id, manufacturer_name) VALUES
(1, 'Chevrolet'),
(2, 'Bentley'),
(3, 'Porsche'),
(4, 'Mercedes-Benz'),
(5, 'Hyundai'),
(6, 'Mitsubishi'),
(7, 'Ford'),
(8, 'Volkswagen'),
(9, 'Mazda'),
(10, 'BMW'),
(11, 'Oldsmobile'),
(12, 'Aston Martin'),
(13, 'Pontiac'),
(14, 'Chrysler'),
(15, 'GMC'),
(16, 'Mercury'),
(17, 'Lamborghini'),
(18, 'Hummer'),
(19, 'Dodge'),
(20, 'MINI');

-- Poblar: Tipos de Vehículos
INSERT INTO VehicleType (id, vehicle_type_name) VALUES
(1, 'Sedan'),
(2, 'SUV'),
(3, 'Hatchback'),
(4, 'Convertible'),
(5, 'Coupe'),
(6, 'Wagon'),
(7, 'Minivan'),
(8, 'Pickup Truck'),
(9, 'Van'),
(10, 'Crossover'),
(11, 'Sports Car'),
(12, 'Luxury Car'),
(13, 'Electric Car'),
(14, 'Hybrid Car'),
(15, 'Diesel'),
(16, 'Motorcycle'),
(17, 'Scooter'),
(18, 'Off-Road'),
(19, 'Truck'),
(20, 'Bus');

-- Poblar: Modelos
INSERT INTO Model (id, manufacturer_id, model_name, transmission_type, number_of_seats, vehicle_type_id) VALUES
(23, '13', '200', 'Manual', '6', '2'),
(48, '14', '3 Series', 'Automatic', '3', '19'),
(1, '7', '300', 'Automatic', '3', '17'),
(9, '4', '4Runner', 'Manual', '6', '6'),
(20, '11', '900', 'Manual', '2', '10'),
(49, '11', '911', 'Manual', '4', '13'),
(28, '5', 'A6', 'Automatic', '6', '17'),
(42, '13', 'A6', 'Automatic', '5', '12'),
(22, '20', 'Avalanche', 'Manual', '2', '8'),
(10, '9', 'Boxster', 'Automatic', '4', '19'),
(6, '5', 'CTS', 'Automatic', '2', '14'),
(40, '17', 'Ciera', 'Manual', '6', '12'),
(46, '18', 'Civic', 'Manual', '4', '1'),
(50, '6', 'Continental GTC', 'Automatic', '4', '9'),
(32, '12', 'Daewoo Kalos', 'Automatic', '4', '4'),
(16, '12', 'Discovery', 'Automatic', '4', '1'),
(37, '11', 'E-Class', 'Automatic', '3', '16'),
(3, '17', 'Electra', 'Manual', '2', '15'),
(24, '4', 'Esperante', 'Automatic', '5', '19'),
(38, '3', 'Expedition', 'Manual', '4', '14'),
(25, '10', 'Express 1500', 'Manual', '2', '11'),
(4, '16', 'F150', 'Automatic', '2', '5'),
(43, '5', 'F250', 'Automatic', '4', '14'),
(33, '6', 'G-Class', 'Automatic', '2', '10'),
(2, '10', 'Grand Am', 'Manual', '3', '16'),
(11, '6', 'Grand Am', 'Automatic', '4', '8'),
(18, '1', 'Integra', 'Manual', '3', '11'),
(41, '17', 'LaCrosse', 'Manual', '6', '15'),
(19, '20', 'M3', 'Automatic', '4', '7'),
(14, '13', 'MPV', 'Automatic', '6', '12'),
(44, '16', 'Murciélago', 'Manual', '4', '8'),
(31, '7', 'NSX', 'Manual', '3', '13'),
(17, '18', 'Pajero', 'Automatic', '2', '20'),
(15, '2', 'Passport', 'Manual', '2', '18'),
(30, '14', 'Passport', 'Automatic', '6', '20'),
(36, '19', 'Passport', 'Manual', '4', '5'),
(12, '19', 'RX-7', 'Manual', '5', '13'),
(45, '10', 'RX-7', 'Automatic', '5', '4'),
(34, '8', 'Ram 50', 'Manual', '6', '15'),
(39, '9', 'Ram Van B250', 'Automatic', '5', '7'),
(27, '18', 'SC', 'Manual', '5', '9'),
(21, '1', 'SL-Class', 'Automatic', '3', '6'),
(35, '2', 'SLK-Class', 'Automatic', '5', '18'),
(7, '3', 'Silverado 1500', 'Manual', '3', '4'),
(47, '19', 'Skylark', 'Manual', '6', '3'),
(26, '15', 'Spirit', 'Automatic', '4', '3'),
(29, '16', 'Suburban 1500', 'Manual', '2', '1'),
(13, '8', 'Talon', 'Manual', '3', '2'),
(8, '14', 'Type 2', 'Automatic', '2', '9'),
(5, '15', 'iQ', 'Manual', '6', '3');

-- Poblar: Colores
INSERT INTO Color (id, color_name) VALUES
(1, 'Orange'),
(2, 'Brown'),
(3, 'Purple'),
(4, 'Pink'),
(5, 'Cyan'),
(6, 'Olive'),
(7, 'Yellow'),
(8, 'Gray'),
(9, 'White'),
(10, 'Beige'),
(11, 'Green'),
(12, 'Magenta'),
(13, 'Blue'),
(14, 'Teal'),
(15, 'Black');

-- Poblar: Colores de Modelos
INSERT INTO Model_Color (model_id, color_id) VALUES
('44', '12'),
('26', '9'),
('21', '4'),
('16', '11'),
('12', '2'),
('29', '10'),
('7', '14'),
('37', '8'),
('43', '5'),
('18', '13'),
('1', '6'),
('33', '7'),
('23', '15'),
('9', '1'),
('28', '7'),
('6', '6'),
('48', '14'),
('36', '5'),
('49', '13'),
('50', '10'),
('2', '11'),
('35', '9'),
('46', '15'),
('13', '1'),
('30', '3'),
('27', '12'),
('17', '8'),
('24', '4'),
('31', '2'),
('22', '2'),
('4', '11'),
('11', '15'),
('39', '5'),
('42', '13'),
('41', '12'),
('8', '8'),
('38', '6'),
('47', '9'),
('34', '7'),
('3', '14'),
('25', '1'),
('19', '4'),
('10', '3'),
('45', '7'),
('15', '8'),
('32', '3'),
('14', '2'),
('40', '15'),
('37', '5'),
('41', '4'),
('22', '13'),
('4', '6'),
('12', '11'),
('25', '9'),
('28', '12'),
('47', '14'),
('21', '1'),
('20', '10'),
('40', '9'),
('31', '5'),
('48', '3'),
('43', '12'),
('2', '10'),
('9', '2'),
('45', '15'),
('27', '8'),
('16', '6'),
('26', '13'),
('32', '14'),
('42', '4'),
('14', '11'),
('50', '1'),
('39', '7'),
('44', '10'),
('3', '9'),
('24', '1'),
('23', '7'),
('13', '8'),
('33', '6'),
('7', '15'),
('19', '3'),
('35', '4'),
('1', '12'),
('10', '2'),
('6', '11'),
('49', '14'),
('46', '5'),
('15', '13'),
('17', '1'),
('29', '4'),
('5', '3'),
('36', '10'),
('38', '2'),
('30', '11'),
('34', '15'),
('8', '5'),
('11', '13'),
('18', '12');

-- Poblar: Sucursales
INSERT INTO Facility (id, facility_name, facility_phone_number, address_id) VALUES
(1, 'Rent & Go Cars', '+380 529 836 000', '81'),
(2, 'CityRide Rentals', '+91 301 213 0026', '23'),
(3, 'Pioneer Car Rentals', '+63 339 662 0023', '16'),
(4, 'Velocity Car Hire', '+91 606 883 0075', '47'),
(5, 'RapidRide Rentals', '+351 314 858 001', '97'),
(6, 'Premier Auto Rentals', '+1 202 140 0039', '65'),
(7, 'Express Wheels', '+352 372 317 007', '99'),
(8, 'NextGen Auto Rentals', '+51 342 163 0068', '90'),
(9, 'UrbanDrive Rentals', '+421 052 988 009', '51'),
(10, 'Metro Auto Hire', '+39 128 040 0069', '48');

-- Poblar: Precios
INSERT INTO Rates (id, daily_rate, weekly_rate, monthly_rate) VALUES
(1, '49.99', '299.99', '1099.99'),
(2, '29.99', '179.99', '649.99'),
(3, '25.75', '169.00', '599.00'),
(4, '22.00', '145.00', '520.00'),
(5, '45.00', '279.00', '999.00'),
(6, '55.00', '349.00', '1249.00'),
(7, '39.00', '215.00', '799.00'),
(8, '60.00', '379.00', '1399.00'),
(9, '34.50', '199.50', '729.50'),
(10, '65.00', '399.00', '1499.00'),
(11, '39.00', '215.00', '799.00'),
(12, '49.99', '299.99', '1099.99'),
(13, '25.75', '169.00', '599.00'),
(14, '65.00', '399.00', '1499.00'),
(15, '55.00', '349.00', '1249.00'),
(16, '45.00', '279.00', '999.00'),
(17, '29.99', '179.99', '649.99'),
(18, '60.00', '379.00', '1399.00'),
(19, '22.00', '145.00', '520.00'),
(20, '34.50', '199.50', '729.50'),
(21, '34.50', '199.50', '729.50'),
(22, '49.99', '299.99', '1099.99'),
(23, '25.75', '169.00', '599.00'),
(24, '65.00', '399.00', '1499.00'),
(25, '45.00', '279.00', '999.00'),
(26, '60.00', '379.00', '1399.00'),
(27, '55.00', '349.00', '1249.00'),
(28, '22.00', '145.00', '520.00'),
(29, '39.00', '215.00', '799.00'),
(30, '29.99', '179.99', '649.99'),
(31, '65.00', '399.00', '1499.00'),
(32, '45.00', '279.00', '999.00'),
(33, '60.00', '379.00', '1399.00'),
(34, '55.00', '349.00', '1249.00'),
(35, '22.00', '145.00', '520.00'),
(36, '39.00', '215.00', '799.00'),
(37, '29.99', '179.99', '649.99'),
(38, '34.50', '199.50', '729.50'),
(39, '49.99', '299.99', '1099.99'),
(40, '25.75', '169.00', '599.00'),
(41, '22.00', '145.00', '520.00'),
(42, '65.00', '399.00', '1499.00'),
(43, '29.99', '179.99', '649.99'),
(44, '55.00', '349.00', '1249.00'),
(45, '25.75', '169.00', '599.00'),
(46, '39.00', '215.00', '799.00'),
(47, '45.00', '279.00', '999.00'),
(48, '60.00', '379.00', '1399.00'),
(49, '34.50', '199.50', '729.50'),
(50, '49.99', '299.99', '1099.99'),
(51, '29.99', '179.99', '649.99'),
(52, '55.00', '349.00', '1249.00'),
(53, '25.75', '169.00', '599.00'),
(54, '39.00', '215.00', '799.00'),
(55, '45.00', '279.00', '999.00'),
(56, '60.00', '379.00', '1399.00'),
(57, '34.50', '199.50', '729.50'),
(58, '49.99', '299.99', '1099.99'),
(59, '22.00', '145.00', '520.00'),
(60, '65.00', '399.00', '1499.00'),
(61, '49.99', '299.99', '1099.99'),
(62, '55.00', '349.00', '1249.00'),
(63, '29.99', '179.99', '649.99'),
(64, '34.50', '199.50', '729.50'),
(65, '45.00', '279.00', '999.00'),
(66, '60.00', '379.00', '1399.00'),
(67, '25.75', '169.00', '599.00'),
(68, '22.00', '145.00', '520.00'),
(69, '39.00', '215.00', '799.00'),
(70, '65.00', '399.00', '1499.00'),
(71, '45.00', '279.00', '999.00'),
(72, '29.99', '179.99', '649.99'),
(73, '60.00', '379.00', '1399.00'),
(74, '22.00', '145.00', '520.00'),
(75, '34.50', '199.50', '729.50'),
(76, '39.00', '215.00', '799.00'),
(77, '49.99', '299.99', '1099.99'),
(78, '25.75', '169.00', '599.00'),
(79, '65.00', '399.00', '1499.00'),
(80, '55.00', '349.00', '1249.00'),
(81, '60.00', '379.00', '1399.00'),
(82, '34.50', '199.50', '729.50'),
(83, '65.00', '399.00', '1499.00'),
(84, '49.99', '299.99', '1099.99'),
(85, '29.99', '179.99', '649.99'),
(86, '25.75', '169.00', '599.00'),
(87, '22.00', '145.00', '520.00'),
(88, '45.00', '279.00', '999.00'),
(89, '55.00', '349.00', '1249.00'),
(90, '39.00', '215.00', '799.00'),
(91, '29.99', '179.99', '649.99'),
(92, '34.50', '199.50', '729.50'),
(93, '45.00', '279.00', '999.00'),
(94, '60.00', '379.00', '1399.00'),
(95, '25.75', '169.00', '599.00'),
(96, '22.00', '145.00', '520.00'),
(97, '39.00', '215.00', '799.00'),
(98, '65.00', '399.00', '1499.00'),
(99, '49.99', '299.99', '1099.99'),
(100, '55.00', '349.00', '1249.00');

-- Poblar: Servicios de Mantenimiento
INSERT INTO Maintenance (id, maintenance_date, description, cost) VALUES
(1, '2024-06-28', 'Differential Fluid Change', '665.38'),
(2, '2022-09-13', 'Air Filter Replacement', '484.77'),
(3, '2024-03-17', 'Spark Plug Replacement', '248.91'),
(4, '2024-04-20', 'Brake Pad Replacement', '320.90'),
(5, '2024-03-05', 'Headlight and Taillight Replacement', '164.10'),
(6, '2022-11-26', 'Transmission System Inspection', '238.92'),
(7, '2022-12-29', 'Engine Diagnostic Scan', '542.44'),
(8, '2022-02-04', 'Oil Change and Filter Replacement', '564.46'),
(9, '2023-05-20', 'Suspension Inspection and Repair', '400.87'),
(10, '2022-02-11', 'Brake Fluid Replacement', '326.44'),
(11, '2024-08-16', 'Engine Coolant Flush', '261.81'),
(12, '2025-01-24', 'Radiator Hose Inspection and Replacement', '490.70'),
(13, '2024-03-11', 'Timing Belt Replacement', '161.20'),
(14, '2022-06-09', 'Tire Pressure Check and Inflation', '526.12'),
(15, '2024-02-01', 'Windshield Wiper Replacement', '592.73'),
(16, '2024-04-29', 'Cabin Air Filter Replacement', '545.35'),
(17, '2023-03-15', 'Power Steering Fluid Flush', '491.84'),
(18, '2022-05-29', 'Exhaust System Check', '664.00'),
(19, '2023-11-21', 'Fuel System Cleaning', '697.57'),
(20, '2023-06-21', 'Drive Belt Replacement', '300.96');

-- Poblar: Vehículos
INSERT INTO Vehicle (id, model_id, facility_id, car_plate, mileage, status_id, rates_id) VALUES
(1, '30', '2', 'TWP-849', '145249', '2', '48'),
(2, '40', '9', 'PAX-200', '24685', '3', '80'),
(3, '4', '5', 'HQV-005', '131622', '10', '53'),
(4, '27', '1', 'ICH-276', '65218', '14', '95'),
(5, '41', '4', 'RPS-266', '77970', '8', '96'),
(6, '29', '10', 'PPK-918', '30418', '17', '29'),
(7, '32', '6', 'SAC-926', '189', '5', '73'),
(8, '47', '7', 'COK-518', '142974', '13', '40'),
(9, '17', '3', 'XJE-580', '52551', '6', '49'),
(10, '19', '8', 'BWW-483', '76962', '7', '18'),
(11, '48', '4', 'UAT-052', '46710', '15', '55'),
(12, '22', '2', 'FBW-313', '86651', '1', '36'),
(13, '8', '6', 'HNS-144', '122228', '12', '16'),
(14, '23', '5', 'DPU-297', '147195', '9', '43'),
(15, '50', '8', 'NDC-221', '20773', '4', '93'),
(16, '3', '10', 'XVJ-976', '36325', '11', '86'),
(17, '25', '9', 'NIY-019', '75546', '16', '83'),
(18, '45', '7', 'GNS-305', '41632', '12', '68'),
(19, '46', '3', 'NHZ-251', '57828', '8', '69'),
(20, '21', '1', 'WJP-419', '76319', '6', '23'),
(21, '37', '1', 'JPH-911', '18083', '9', '3'),
(22, '24', '10', 'NED-942', '98918', '16', '13'),
(23, '14', '3', 'MKE-238', '53424', '7', '15'),
(24, '26', '6', 'CSW-686', '49246', '14', '25'),
(25, '12', '5', 'MQL-747', '144568', '1', '1'),
(26, '13', '7', 'HSD-553', '76361', '4', '31'),
(27, '43', '4', 'KWI-158', '17158', '3', '70'),
(28, '10', '2', 'IPQ-359', '90404', '10', '5'),
(29, '39', '9', 'LAI-277', '46181', '2', '60'),
(30, '1', '8', 'QKM-471', '9062', '11', '71'),
(31, '36', '1', 'KZX-791', '139186', '15', '11'),
(32, '42', '4', 'WIW-912', '69967', '5', '19'),
(33, '16', '3', 'AKX-334', '100531', '13', '24'),
(34, '9', '8', 'EFU-533', '130344', '17', '66'),
(35, '5', '5', 'WFT-574', '131040', '10', '87'),
(36, '49', '7', 'TWH-087', '76689', '14', '63'),
(37, '28', '10', 'PRD-972', '62588', '8', '10'),
(38, '15', '2', 'FMQ-730', '144270', '17', '51'),
(39, '7', '9', 'IHU-390', '42061', '5', '9'),
(40, '34', '6', 'WCY-727', '39042', '13', '61'),
(41, '38', '1', 'GSM-805', '140063', '6', '99'),
(42, '11', '2', 'VRB-124', '42328', '7', '39'),
(43, '44', '6', 'QUG-913', '79029', '15', '27'),
(44, '2', '8', 'VRO-665', '2744', '1', '78'),
(45, '6', '4', 'UUK-426', '105843', '12', '76'),
(46, '18', '10', 'LPF-583', '129095', '9', '58'),
(47, '31', '3', 'BMP-127', '56265', '4', '91'),
(48, '20', '9', 'FXG-952', '57019', '11', '12'),
(49, '33', '5', 'GYP-271', '63704', '16', '46'),
(50, '35', '7', 'UUQ-614', '121991', '2', '85'),
(51, '39', '9', 'QJQ-852', '137175', '3', '100'),
(52, '27', '1', 'GMJ-436', '3792', '13', '67'),
(53, '24', '7', 'AVS-082', '97320', '2', '77'),
(54, '48', '4', 'SXA-055', '130215', '14', '33'),
(55, '4', '3', 'CZH-588', '61778', '8', '45'),
(56, '2', '6', 'PKV-936', '8920', '1', '4'),
(57, '11', '8', 'JQO-417', '41253', '6', '20'),
(58, '9', '2', 'YCP-786', '149625', '11', '14'),
(59, '7', '5', 'EYA-046', '55544', '5', '7'),
(60, '42', '10', 'ASS-726', '113678', '7', '98'),
(61, '6', '3', 'EKA-514', '109739', '12', '44'),
(62, '17', '5', 'YTP-260', '104289', '15', '2'),
(63, '19', '4', 'NLK-491', '146014', '4', '56'),
(64, '14', '9', 'QVH-577', '95367', '10', '32'),
(65, '22', '7', 'OTV-879', '92930', '9', '30'),
(66, '32', '6', 'FTJ-050', '20099', '17', '74'),
(67, '30', '1', 'HLW-836', '17765', '16', '22'),
(68, '44', '8', 'FMC-057', '122779', '3', '50'),
(69, '43', '10', 'GAP-204', '136744', '6', '6'),
(70, '26', '2', 'ZQH-716', '17527', '11', '42'),
(71, '3', '7', 'LBZ-946', '45503', '5', '81'),
(72, '37', '2', 'PKE-448', '28721', '7', '8'),
(73, '33', '3', 'AHV-685', '109270', '12', '21'),
(74, '13', '9', 'BDG-036', '141825', '15', '57'),
(75, '40', '1', 'HOJ-025', '132491', '4', '65'),
(76, '10', '8', 'OTS-168', '95439', '10', '41'),
(77, '47', '4', 'GFG-379', '101572', '9', '34'),
(78, '15', '5', 'ZGF-988', '142155', '17', '82'),
(79, '1', '10', 'CKC-526', '7986', '16', '75'),
(80, '23', '6', 'OYN-837', '102656', '3', '72'),
(81, '21', '8', 'VMU-785', '117874', '13', '64'),
(82, '29', '2', 'HHN-698', '131419', '2', '17'),
(83, '46', '5', 'STE-534', '27667', '14', '89'),
(84, '36', '10', 'WRX-407', '56402', '8', '47'),
(85, '28', '9', 'NSV-710', '129425', '1', '35'),
(86, '16', '1', 'ISF-485', '138249', '2', '84'),
(87, '25', '7', 'JRT-279', '64625', '6', '26'),
(88, '31', '4', 'XPS-452', '79974', '15', '79'),
(89, '38', '3', 'EWT-419', '11204', '13', '38'),
(90, '5', '6', 'PNZ-199', '59409', '14', '52'),
(91, '49', '2', 'BMD-288', '23619', '1', '90'),
(92, '45', '6', 'GQL-861', '109819', '12', '97'),
(93, '34', '4', 'HHX-411', '12036', '11', '59'),
(94, '50', '9', 'SVO-643', '45632', '8', '62'),
(95, '18', '8', 'SRY-647', '9481', '5', '92'),
(96, '12', '10', 'ZSX-041', '128967', '16', '94'),
(97, '20', '3', 'ZHY-490', '30576', '4', '37'),
(98, '41', '5', 'OOC-630', '100948', '7', '88'),
(99, '8', '1', 'FJP-365', '108066', '10', '54'),
(100, '35', '7', 'DPH-676', '67317', '9', '28');

-- Poblar: Mantenimiento de Vehículos
INSERT INTO Vehicle_Maintenance (vehicle_id, maintenance_id) VALUES
('21', '2'),
('58', '14'),
('64', '11'),
('5', '10'),
('32', '9'),
('22', '6'),
('80', '8'),
('30', '15'),
('26', '1'),
('23', '3'),
('75', '18'),
('70', '20'),
('25', '13'),
('36', '12'),
('72', '19'),
('78', '17'),
('1', '5'),
('100', '16'),
('68', '7'),
('63', '4'),
('13', '1'),
('28', '3'),
('91', '18'),
('47', '20'),
('35', '13'),
('67', '12'),
('55', '19'),
('87', '17'),
('29', '5'),
('62', '16'),
('88', '7'),
('81', '4'),
('31', '2'),
('10', '14'),
('45', '11'),
('98', '10'),
('40', '9'),
('76', '6'),
('82', '8'),
('74', '15'),
('16', '11'),
('7', '4'),
('53', '18'),
('12', '9'),
('42', '20'),
('48', '8'),
('95', '6'),
('3', '13'),
('46', '2'),
('19', '12');

-- Poblar: Reservaciones
INSERT INTO Reservation (id, customer_id, vehicle_id, reservation_date, start_date, end_date, status_id) VALUES
(1, '19', '11', '2023-12-30', '2024-02-22', '2024-09-09', '15'),
(2, '57', '49', '2023-12-23', '2024-01-14', '2024-11-13', '8'),
(3, '13', '80', '2023-12-03', '2024-01-13', '2024-08-27', '16'),
(4, '53', '84', '2023-12-09', '2024-05-01', '2024-08-11', '4'),
(5, '6', '95', '2023-12-09', '2024-05-19', '2024-09-13', '13'),
(6, '1', '75', '2023-12-04', '2024-02-15', '2024-09-10', '7'),
(7, '69', '74', '2023-12-26', '2024-05-06', '2024-10-19', '11'),
(8, '86', '78', '2023-12-20', '2024-02-10', '2024-07-07', '3'),
(9, '3', '56', '2023-12-22', '2024-03-25', '2024-07-13', '5'),
(10, '11', '77', '2023-12-24', '2024-02-28', '2024-12-10', '10'),
(11, '80', '73', '2023-12-11', '2024-02-02', '2024-08-19', '17'),
(12, '23', '51', '2023-12-17', '2024-01-19', '2024-08-23', '12'),
(13, '39', '42', '2023-12-17', '2024-01-08', '2024-08-09', '9'),
(14, '17', '91', '2023-12-27', '2024-02-20', '2024-12-18', '1'),
(15, '8', '22', '2023-12-31', '2024-02-16', '2024-10-30', '6'),
(16, '38', '66', '2023-12-04', '2024-01-05', '2024-07-31', '2'),
(17, '72', '33', '2023-12-22', '2024-01-14', '2024-08-09', '14'),
(18, '92', '34', '2023-12-27', '2024-02-13', '2024-08-28', '3'),
(19, '63', '35', '2023-12-16', '2024-04-15', '2024-07-03', '4'),
(20, '91', '53', '2023-12-26', '2024-05-08', '2024-10-31', '12'),
(21, '60', '26', '2023-12-05', '2024-05-31', '2024-07-18', '2'),
(22, '50', '86', '2023-12-06', '2024-04-02', '2024-11-17', '11'),
(23, '21', '87', '2023-12-16', '2024-03-24', '2024-07-11', '14'),
(24, '25', '72', '2023-12-19', '2024-02-14', '2024-07-25', '17'),
(25, '83', '98', '2023-12-25', '2024-03-15', '2024-12-10', '5'),
(26, '59', '65', '2023-12-26', '2024-03-24', '2024-12-07', '16'),
(27, '88', '89', '2023-12-22', '2024-02-17', '2024-12-15', '13'),
(28, '54', '48', '2023-12-16', '2024-03-20', '2024-11-18', '10'),
(29, '46', '9', '2023-12-10', '2024-04-28', '2024-10-30', '9'),
(30, '81', '79', '2023-12-20', '2024-01-07', '2024-08-29', '1'),
(31, '49', '25', '2023-12-29', '2024-04-01', '2024-06-22', '7'),
(32, '22', '64', '2023-12-10', '2024-03-28', '2024-09-08', '8'),
(33, '48', '4', '2023-12-27', '2024-04-20', '2024-06-19', '6'),
(34, '26', '76', '2023-12-16', '2024-03-13', '2024-10-09', '15'),
(35, '10', '19', '2023-12-27', '2024-01-29', '2024-11-15', '15'),
(36, '55', '45', '2023-12-11', '2024-03-09', '2024-12-09', '1'),
(37, '85', '62', '2023-12-10', '2024-01-23', '2024-12-11', '16'),
(38, '97', '43', '2023-12-05', '2024-05-13', '2024-12-13', '3'),
(39, '74', '18', '2023-12-17', '2024-03-07', '2024-12-07', '12'),
(40, '78', '90', '2023-12-28', '2024-02-26', '2024-07-08', '8'),
(41, '61', '59', '2023-12-19', '2024-05-15', '2024-06-15', '4'),
(42, '16', '28', '2023-12-06', '2024-04-30', '2024-06-05', '2'),
(43, '100', '20', '2023-12-21', '2024-03-27', '2024-06-08', '17'),
(44, '43', '36', '2023-12-29', '2024-02-02', '2024-11-02', '7'),
(45, '66', '88', '2023-12-06', '2024-05-07', '2024-06-25', '6'),
(46, '18', '93', '2023-12-21', '2024-02-17', '2024-10-22', '14'),
(47, '2', '70', '2023-12-09', '2024-04-27', '2024-08-30', '5'),
(48, '87', '17', '2023-12-11', '2024-04-22', '2024-08-23', '13'),
(49, '14', '31', '2023-12-25', '2024-01-21', '2024-09-25', '10'),
(50, '65', '12', '2023-12-09', '2024-05-03', '2024-07-21', '11'),
(51, '41', '68', '2023-12-07', '2024-01-16', '2024-06-19', '9'),
(52, '31', '30', '2023-12-31', '2024-02-14', '2024-09-05', '6'),
(53, '95', '57', '2023-12-15', '2024-02-21', '2024-08-17', '12'),
(54, '36', '81', '2023-12-19', '2024-03-31', '2024-11-25', '10'),
(55, '94', '38', '2023-12-20', '2024-03-20', '2024-10-27', '11'),
(56, '7', '37', '2023-12-27', '2024-03-02', '2024-09-20', '8'),
(57, '15', '15', '2023-12-03', '2024-04-10', '2024-09-14', '16'),
(58, '96', '3', '2023-12-18', '2024-02-18', '2024-07-30', '7'),
(59, '62', '27', '2023-12-16', '2024-01-02', '2024-08-04', '15'),
(60, '28', '71', '2023-12-05', '2024-04-05', '2024-12-30', '3'),
(61, '84', '7', '2023-12-18', '2024-05-28', '2024-09-28', '14'),
(62, '71', '97', '2023-12-08', '2024-05-16', '2024-06-17', '4'),
(63, '5', '13', '2023-12-14', '2024-04-05', '2024-07-15', '17'),
(64, '99', '21', '2023-12-04', '2024-04-07', '2024-07-20', '13'),
(65, '75', '54', '2023-12-19', '2024-02-25', '2024-11-13', '2'),
(66, '51', '85', '2023-12-13', '2024-05-09', '2024-07-22', '9'),
(67, '27', '63', '2023-12-02', '2024-05-28', '2024-09-12', '5'),
(68, '52', '55', '2023-12-09', '2024-03-18', '2024-07-15', '1'),
(69, '42', '1', '2023-12-23', '2024-01-29', '2024-12-19', '9'),
(70, '34', '82', '2023-12-29', '2024-03-06', '2024-08-10', '3'),
(71, '12', '92', '2023-12-31', '2024-03-04', '2024-07-26', '11'),
(72, '4', '60', '2023-12-26', '2024-03-18', '2024-11-14', '5'),
(73, '67', '39', '2023-12-17', '2024-05-11', '2024-12-31', '6'),
(74, '24', '52', '2023-12-12', '2024-05-20', '2024-10-03', '15'),
(75, '76', '5', '2023-12-22', '2024-02-10', '2024-12-25', '17'),
(76, '45', '8', '2023-12-17', '2024-02-12', '2024-08-27', '1'),
(77, '89', '29', '2023-12-21', '2024-04-23', '2024-08-25', '16'),
(78, '79', '46', '2023-12-14', '2024-02-20', '2024-11-29', '12'),
(79, '37', '10', '2023-12-28', '2024-03-30', '2024-06-14', '7'),
(80, '20', '24', '2023-12-29', '2024-05-01', '2024-07-24', '2'),
(81, '73', '44', '2023-12-28', '2024-01-19', '2024-12-17', '14'),
(82, '9', '61', '2023-12-13', '2024-02-10', '2024-11-19', '4'),
(83, '77', '41', '2023-12-19', '2024-03-04', '2024-06-03', '10'),
(84, '35', '67', '2023-12-18', '2024-01-14', '2024-10-18', '8'),
(85, '98', '58', '2023-12-20', '2024-04-24', '2024-06-25', '13'),
(86, '93', '100', '2023-12-05', '2024-05-30', '2024-12-04', '4'),
(87, '56', '69', '2023-12-14', '2024-01-09', '2024-11-16', '13'),
(88, '47', '23', '2023-12-23', '2024-04-30', '2024-08-02', '7'),
(89, '58', '14', '2023-12-24', '2024-04-30', '2024-12-29', '11'),
(90, '44', '40', '2023-12-15', '2024-04-21', '2024-10-27', '3'),
(91, '90', '47', '2023-12-24', '2024-01-16', '2024-09-19', '5'),
(92, '40', '2', '2023-12-02', '2024-01-12', '2024-11-03', '10'),
(93, '82', '6', '2023-12-30', '2024-03-09', '2024-12-10', '17'),
(94, '64', '16', '2023-12-27', '2024-03-16', '2024-08-28', '12'),
(95, '33', '32', '2023-12-24', '2024-02-16', '2024-07-11', '9'),
(96, '70', '99', '2023-12-14', '2024-04-24', '2024-06-16', '1'),
(97, '68', '50', '2023-12-29', '2024-03-05', '2024-09-06', '6'),
(98, '30', '96', '2023-12-23', '2024-05-27', '2024-10-14', '2'),
(99, '29', '83', '2023-12-27', '2024-05-06', '2024-08-26', '14'),
(100, '32', '94', '2023-12-14', '2024-04-17', '2024-09-01', '15');

-- Poblar: Contratos de Renta
INSERT INTO RentalContract (id, reservation_id, start_date, end_date, status_id) VALUES
(1, '1', '2024-03-30', '2024-11-10', '1'),
(2, '43', '2024-01-31', '2024-08-25', '10'),
(3, '76', '2024-02-25', '2024-10-10', '17'),
(4, '8', '2024-01-11', '2024-07-28', '7'),
(5, '79', '2024-03-04', '2024-12-01', '8'),
(6, '74', '2024-03-21', '2024-09-27', '3'),
(7, '98', '2024-04-17', '2024-06-06', '2'),
(8, '88', '2024-01-25', '2024-08-14', '15'),
(9, '91', '2024-04-20', '2024-06-24', '5'),
(10, '30', '2024-02-09', '2024-10-07', '4'),
(11, '75', '2024-02-16', '2024-08-25', '13'),
(12, '3', '2024-01-26', '2024-08-03', '6'),
(13, '40', '2024-04-22', '2024-12-23', '11'),
(14, '47', '2024-02-08', '2024-09-30', '9'),
(15, '95', '2024-02-05', '2024-07-02', '16'),
(16, '39', '2024-02-15', '2024-11-05', '12'),
(17, '68', '2024-03-21', '2024-11-03', '14'),
(18, '34', '2024-01-21', '2024-08-19', '13'),
(19, '21', '2024-03-12', '2024-09-30', '12'),
(20, '59', '2024-02-10', '2024-07-08', '2'),
(21, '44', '2024-02-20', '2024-12-20', '9'),
(22, '10', '2024-04-10', '2024-07-04', '5'),
(23, '56', '2024-01-13', '2024-07-09', '6'),
(24, '41', '2024-01-28', '2024-10-04', '14'),
(25, '26', '2024-05-16', '2024-07-03', '16'),
(26, '61', '2024-04-30', '2024-09-05', '1'),
(27, '86', '2024-03-13', '2024-09-23', '10'),
(28, '94', '2024-05-09', '2024-08-25', '8'),
(29, '31', '2024-04-20', '2024-12-12', '4'),
(30, '36', '2024-04-12', '2024-08-02', '7'),
(31, '46', '2024-05-12', '2024-06-09', '11'),
(32, '23', '2024-02-26', '2024-09-02', '15'),
(33, '37', '2024-01-16', '2024-11-05', '17'),
(34, '53', '2024-03-25', '2024-08-29', '3'),
(35, '77', '2024-01-14', '2024-10-11', '17'),
(36, '80', '2024-05-15', '2024-11-26', '12'),
(37, '57', '2024-03-27', '2024-08-25', '8'),
(38, '27', '2024-01-24', '2024-09-03', '6'),
(39, '72', '2024-04-06', '2024-07-11', '9'),
(40, '66', '2024-04-22', '2024-10-19', '16'),
(41, '58', '2024-01-24', '2024-09-08', '7'),
(42, '22', '2024-04-22', '2024-10-18', '14'),
(43, '25', '2024-03-16', '2024-06-05', '1'),
(44, '7', '2024-05-08', '2024-09-10', '4'),
(45, '90', '2024-05-26', '2024-09-17', '3'),
(46, '63', '2024-02-05', '2024-06-10', '10'),
(47, '2', '2024-03-12', '2024-08-10', '2'),
(48, '51', '2024-01-13', '2024-06-27', '11'),
(49, '60', '2024-02-09', '2024-06-16', '15'),
(50, '78', '2024-05-29', '2024-10-12', '5'),
(51, '28', '2024-05-12', '2024-11-02', '13'),
(52, '55', '2024-02-02', '2024-12-10', '2'),
(53, '16', '2024-03-14', '2024-09-09', '5'),
(54, '69', '2024-02-10', '2024-09-05', '7'),
(55, '87', '2024-01-21', '2024-06-17', '15'),
(56, '5', '2024-02-16', '2024-09-15', '16'),
(57, '93', '2024-01-21', '2024-11-21', '12'),
(58, '45', '2024-01-15', '2024-11-21', '9'),
(59, '17', '2024-01-06', '2024-08-28', '8'),
(60, '99', '2024-04-29', '2024-07-26', '4'),
(61, '52', '2024-01-03', '2024-07-31', '3'),
(62, '62', '2024-04-03', '2024-12-07', '6'),
(63, '81', '2024-05-28', '2024-12-26', '10'),
(64, '67', '2024-01-30', '2024-06-15', '14'),
(65, '71', '2024-06-01', '2024-08-29', '17'),
(66, '49', '2024-03-30', '2024-09-04', '13'),
(67, '20', '2024-05-29', '2024-11-11', '11'),
(68, '70', '2024-02-19', '2024-12-04', '1'),
(69, '64', '2024-02-29', '2024-09-04', '1'),
(70, '11', '2024-03-23', '2024-08-12', '6'),
(71, '33', '2024-02-24', '2024-08-15', '2'),
(72, '19', '2024-01-30', '2024-06-12', '14'),
(73, '97', '2024-03-02', '2024-12-18', '15'),
(74, '83', '2024-03-28', '2024-09-07', '8'),
(75, '42', '2024-01-24', '2024-08-23', '16'),
(76, '89', '2024-03-06', '2024-07-26', '4'),
(77, '48', '2024-05-22', '2024-11-20', '13'),
(78, '35', '2024-03-19', '2024-06-10', '7'),
(79, '50', '2024-03-09', '2024-10-30', '11'),
(80, '85', '2024-03-26', '2024-06-06', '3'),
(81, '12', '2024-02-13', '2024-06-16', '5'),
(82, '29', '2024-03-11', '2024-11-08', '10'),
(83, '24', '2024-01-24', '2024-08-30', '17'),
(84, '92', '2024-04-08', '2024-06-05', '12'),
(85, '65', '2024-02-29', '2024-12-12', '9'),
(86, '100', '2024-02-23', '2024-06-08', '14'),
(87, '4', '2024-01-02', '2024-12-20', '8'),
(88, '54', '2024-03-12', '2024-06-11', '1'),
(89, '13', '2024-04-20', '2024-06-24', '6'),
(90, '32', '2024-03-08', '2024-12-19', '11'),
(91, '18', '2024-05-09', '2024-10-12', '5'),
(92, '9', '2024-02-05', '2024-09-28', '7'),
(93, '15', '2024-02-12', '2024-12-28', '12'),
(94, '84', '2024-01-03', '2024-06-03', '15'),
(95, '82', '2024-02-14', '2024-12-05', '4'),
(96, '38', '2024-04-22', '2024-12-22', '10'),
(97, '96', '2024-03-30', '2024-10-17', '9'),
(98, '6', '2024-02-10', '2024-09-10', '17'),
(99, '14', '2024-04-21', '2024-07-26', '16'),
(100, '73', '2024-01-10', '2024-10-31', '3');

-- Poblar: Multas
INSERT INTO Fine (id, rental_contract_id, fine_date, amount, reason, status_id) VALUES
(1, '74', '2024-01-08', '82.68', 'Cancelation without notice', '17'),
(2, '36', '2023-07-23', '75.39', 'Lost car keys', '5'),
(3, '78', '2024-03-30', '99.37', 'Unauthorized driver usage', '13'),
(4, '39', '2023-12-24', '121.79', 'Returning vehicle with empty fuel tank', '6'),
(5, '57', '2022-03-07', '84.11', 'Using rental car for racing', '7'),
(6, '68', '2023-01-26', '109.75', 'Unauthorized pet transport', '15'),
(7, '40', '2025-03-20', '103.71', 'Cleaning fee for excessive dirt', '1'),
(8, '63', '2024-12-28', '118.48', 'Failure to report accident', '12'),
(9, '89', '2024-05-15', '101.94', 'Exceeding mileage limit', '9'),
(10, '46', '2025-03-15', '80.02', 'Parking violation with rental vehicle', '4'),
(11, '44', '2022-09-08', '115.35', 'Off-road driving violation', '11'),
(12, '66', '2024-08-01', '91.71', 'Late return of rental vehicle', '16'),
(13, '34', '2023-05-13', '105.09', 'Vehicle returned with damages', '2'),
(14, '8', '2024-05-22', '105.76', 'Lost fuel card', '3'),
(15, '50', '2022-11-12', '97.79', 'Missing vehicle inspection sticker', '10'),
(16, '38', '2024-02-13', '118.81', 'Unreported late payment fees', '14'),
(17, '12', '2024-08-25', '79.97', 'Failure to return toll charges', '8'),
(18, '83', '2023-01-10', '104.44', 'Tire damage caused by negligence', '8'),
(19, '16', '2023-06-02', '117.08', 'Lost rental contract document', '4'),
(20, '4', '2023-11-19', '115.26', 'Smoking inside the rental vehicle', '3');

-- Poblar: Contratos Multados
INSERT INTO Contract_Fine (rental_contract_id, fine_id) VALUES
('1', '2'),
('84', '9'),
('98', '20'),
('69', '7'),
('58', '10'),
('70', '15'),
('46', '12'),
('90', '5'),
('32', '1'),
('75', '8'),
('89', '16'),
('38', '3'),
('68', '14'),
('10', '6'),
('94', '17'),
('9', '4'),
('14', '19'),
('22', '13'),
('97', '18'),
('88', '11'),
('53', '6'),
('83', '13'),
('7', '2'),
('95', '12'),
('64', '5'),
('91', '7'),
('55', '1'),
('77', '10'),
('81', '17'),
('50', '3'),
('29', '19'),
('40', '16'),
('80', '15'),
('85', '14'),
('61', '11'),
('11', '4'),
('34', '18'),
('79', '9'),
('72', '20'),
('42', '8'),
('41', '20'),
('31', '16'),
('2', '10'),
('45', '12'),
('3', '1'),
('65', '4'),
('13', '18'),
('48', '6'),
('60', '11'),
('19', '15'),
('23', '5'),
('96', '13'),
('6', '14'),
('57', '8'),
('24', '7'),
('62', '3'),
('51', '2'),
('37', '9'),
('17', '19'),
('66', '17'),
('76', '18'),
('33', '1'),
('99', '16'),
('93', '3'),
('8', '17'),
('67', '5'),
('21', '20'),
('12', '6'),
('39', '4'),
('59', '15'),
('5', '19'),
('43', '11'),
('27', '2'),
('30', '14'),
('86', '13'),
('36', '9'),
('73', '7'),
('54', '12'),
('47', '8'),
('26', '10'),
('25', '19'),
('16', '1'),
('28', '11'),
('15', '16'),
('87', '7'),
('92', '15'),
('44', '9'),
('82', '5'),
('78', '6'),
('4', '10'),
('18', '18'),
('74', '8'),
('100', '2'),
('35', '17'),
('71', '3'),
('63', '14'),
('20', '13'),
('56', '12'),
('49', '20'),
('52', '4');

-- Poblar: Pagos
INSERT INTO Payment (id, rental_contract_id, fine_id, payment_date, amount, payment_method, status_id) VALUES
(82, '74', '17', '2025-04-18', '164.24', 'Cash', '2'),
(98, '3', NULL, '2025-04-15', '334.75', 'Card', '14'),
(20, '81', '18', '2025-04-14', '291.76', 'Card', '9'),
(36, '99', NULL, '2025-03-23', '124.68', 'Cash', '5'),
(19, '24', '7', '2025-03-22', '336.17', 'Cash', '12'),
(65, '78', '19', '2025-03-09', '246.28', 'Transfer', '5'),
(2, '72', NULL, '2025-02-28', '439.59', 'Cash', '11'),
(41, '37', NULL, '2025-01-19', '486.35', 'Transfer', '9'),
(72, '32', NULL, '2025-01-15', '144.66', 'Transfer', '7'),
(23, '13', NULL, '2025-01-08', '393.11', 'Transfer', '16'),
(61, '22', '20', '2025-01-03', '68.49', 'Transfer', '13'),
(17, '28', NULL, '2024-12-30', '61.48', 'Cash', '12'),
(10, '20', '11', '2024-12-25', '301.85', 'Cash', '1'),
(39, '58', NULL, '2024-12-23', '32.18', 'Cash', '6'),
(21, '10', '19', '2024-11-05', '237.42', 'Transfer', '4'),
(49, '86', NULL, '2024-11-03', '119.96', 'Card', '8'),
(43, '44', NULL, '2024-10-29', '179.39', 'Transfer', '12'),
(76, '88', NULL, '2024-09-29', '276.26', 'Cash', '10'),
(34, '39', NULL, '2024-09-16', '162.43', 'Card', '15'),
(11, '98', '3', '2024-09-14', '46.38', 'Card', '7'),
(73, '31', '6', '2024-09-08', '430.39', 'Card', '12'),
(79, '56', '3', '2024-08-31', '219.90', 'Cash', '16'),
(44, '33', NULL, '2024-08-27', '290.49', 'Cash', '14'),
(60, '41', NULL, '2024-08-26', '432.36', 'Transfer', '3'),
(5, '49', NULL, '2024-08-26', '389.99', 'Cash', '5'),
(15, '84', NULL, '2024-08-25', '359.53', 'Transfer', '3'),
(51, '75', NULL, '2024-08-17', '409.06', 'Cash', '2'),
(22, '14', '20', '2024-08-06', '43.68', 'Card', '11'),
(14, '40', '20', '2024-07-30', '47.33', 'Card', '15'),
(90, '67', NULL, '2024-07-26', '159.18', 'Transfer', '12'),
(94, '4', '20', '2024-07-20', '334.26', 'Card', '16'),
(56, '51', NULL, '2024-07-07', '99.73', 'Cash', '7'),
(30, '94', '1', '2024-06-16', '131.85', 'Card', '5'),
(31, '7', '6', '2024-05-10', '346.31', 'Cash', '13'),
(28, '82', '9', '2024-05-09', '309.98', 'Transfer', '8'),
(92, '48', NULL, '2024-05-08', '247.27', 'Transfer', '11'),
(80, '89', NULL, '2024-05-03', '385.46', 'Card', '3'),
(9, '1', NULL, '2024-04-04', '174.65', 'Card', '9'),
(83, '5', NULL, '2024-03-17', '224.18', 'Card', '14'),
(63, '30', NULL, '2024-03-15', '353.36', 'Card', '2'),
(40, '77', NULL, '2024-03-13', '494.80', 'Card', '11'),
(37, '19', NULL, '2024-03-11', '31.87', 'Card', '4'),
(55, '73', '13', '2024-03-10', '464.40', 'Transfer', '4'),
(32, '9', '3', '2024-03-10', '202.70', 'Card', '6'),
(96, '16', '9', '2024-03-06', '250.14', 'Cash', '15'),
(13, '70', NULL, '2024-02-24', '461.50', 'Cash', '6'),
(25, '12', NULL, '2023-12-23', '238.30', 'Card', '3'),
(86, '17', '15', '2023-11-13', '289.40', 'Card', '9'),
(64, '97', NULL, '2023-10-31', '290.96', 'Card', '9'),
(87, '93', NULL, '2023-10-28', '366.34', 'Transfer', '5'),
(89, '63', NULL, '2023-10-09', '330.48', 'Card', '6'),
(100, '29', '1', '2023-08-03', '294.14', 'Card', '17'),
(26, '42', NULL, '2023-07-23', '207.75', 'Transfer', '10'),
(33, '85', NULL, '2023-07-04', '384.35', 'Transfer', '7'),
(88, '25', NULL, '2023-06-29', '35.89', 'Cash', '1'),
(71, '92', '5', '2023-05-04', '117.46', 'Card', '5'),
(66, '62', NULL, '2023-05-01', '186.23', 'Cash', '6'),
(93, '96', '18', '2023-04-24', '269.44', 'Cash', '8'),
(47, '50', '6', '2023-04-05', '231.84', 'Card', '17'),
(85, '87', '10', '2023-03-19', '384.13', 'Cash', '1'),
(38, '52', NULL, '2023-03-11', '461.91', 'Transfer', '13'),
(54, '59', '11', '2023-03-07', '363.80', 'Card', '8'),
(74, '23', '16', '2023-02-20', '482.99', 'Transfer', '15'),
(52, '90', NULL, '2023-02-04', '205.65', 'Transfer', '1'),
(50, '21', '15', '2023-01-26', '145.03', 'Transfer', '3'),
(91, '61', NULL, '2023-01-19', '254.84', 'Card', '10'),
(81, '8', NULL, '2022-12-28', '430.14', 'Transfer', '13'),
(97, '18', NULL, '2022-12-24', '183.27', 'Cash', '3'),
(42, '54', '16', '2022-12-09', '137.55', 'Cash', '16'),
(78, '55', NULL, '2022-11-01', '262.87', 'Transfer', '17'),
(53, '64', '1', '2022-11-01', '163.00', 'Cash', '10'),
(6, '45', '12', '2022-10-28', '291.37', 'Card', '16'),
(67, '68', '1', '2022-10-24', '417.76', 'Transfer', '14'),
(3, '66', NULL, '2022-10-23', '435.60', 'Card', '14'),
(95, '26', NULL, '2022-10-06', '98.50', 'Transfer', '7'),
(7, '43', '14', '2022-10-03', '31.24', 'Transfer', '13'),
(57, '65', NULL, '2022-09-27', '212.07', 'Card', '11'),
(8, '38', NULL, '2022-07-08', '464.93', 'Cash', '10'),
(1, '76', NULL, '2022-06-29', '314.97', 'Transfer', '2'),
(69, '79', '15', '2022-06-10', '472.96', 'Card', '6'),
(27, '91', '18', '2022-05-28', '459.76', 'Cash', '14'),
(45, '60', NULL, '2022-05-25', '311.86', 'Card', '1'),
(77, '47', NULL, '2022-04-06', '138.68', 'Card', '9'),
(75, '57', '2', '2022-04-02', '207.59', 'Cash', '4'),
(58, '100', '10', '2022-04-01', '125.07', 'Cash', '15'),
(4, '36', '16', '2022-03-21', '108.12', 'Transfer', '17'),
(62, '34', NULL, '2022-03-19', '468.45', 'Cash', '12'),
(70, '6', '9', '2022-03-17', '167.57', 'Cash', '11'),
(48, '95', NULL, '2022-03-13', '196.98', 'Transfer', '7'),
(12, '27', NULL, '2022-03-10', '238.71', 'Transfer', '8'),
(99, '69', '6', '2022-03-05', '42.00', 'Transfer', '4'),
(68, '35', NULL, '2022-02-23', '138.59', 'Cash', '16'),
(84, '80', '13', '2022-02-22', '187.92', 'Transfer', '8'),
(46, '53', NULL, '2022-02-19', '230.56', 'Cash', '10'),
(59, '11', '19', '2022-02-18', '187.41', 'Card', '17'),
(35, '46', NULL, '2022-02-18', '304.72', 'Transfer', '15'),
(24, '15', '4', '2022-02-06', '451.15', 'Cash', '2'),
(16, '83', '5', '2022-01-24', '169.69', 'Transfer', '4'),
(29, '71', NULL, '2022-01-13', '275.48', 'Cash', '17'),
(18, '2', '9', '2022-01-07', '319.60', 'Card', '1');

-- Poblar: Reembolsos
INSERT INTO Refund (id, payment_id, refund_date, amount, reason, status_id) VALUES
(1, '32', '2022-03-16 06:16:12', '240.97', 'Booking cancellation by customer', '7'),
(2, '10', '2023-09-29 10:23:21', '404.49', 'Vehicle breakdown during rental', '14'),
(3, '59', '2025-03-23 18:44:25', '490.73', 'Customer opted for different vehicle', '5'),
(4, '47', '2022-04-02 15:33:47', '424.90', 'Vehicle returned with less fuel', '12'),
(5, '74', '2023-11-05 08:54:16', '472.75', 'Unexpected fee waiver', '15');
